model,arm,n_train_patients,observed_dice,curve_predicted,residual
Baseline,baseline,72,0.8176,0.7956704700681536,0.02192952993184638
LOHO - DU,loho,56,0.7052,0.7753057344976904,-0.07010573449769031
LOHO - HT,loho,65,0.742,0.7875262382325656,-0.04552623823256563
LOHO - CS,loho,80,0.7173,0.803812486435457,-0.08651248643545695
LOHO - FG,loho,82,0.7979,0.8056808334415112,-0.007780833441511148
Control - DU,control,55,0.6915,0.7738046269180969,-0.08230462691809692
Control - HT,control,65,0.7268,0.7875262382325656,-0.06072623823256562
Control - CS,control,80,0.8228,0.803812486435457,0.01898751356454298
Control - FG,control,82,0.7291,0.8056808334415112,-0.07658083344151123
