patient,dice_tumour,experiment,kind
TCGA_CS_4942_19970222,0.9369426033780006,random,baseline
TCGA_CS_6188_20010812,0.3807911132001885,random,baseline
TCGA_CS_6669_20020102,0.8723868351915179,random,baseline
TCGA_DU_6400_19830518,0.8980594066640418,random,baseline
TCGA_DU_6407_19860514,0.8456728704797755,random,baseline
TCGA_DU_7008_19830723,0.8365318377066352,random,baseline
TCGA_DU_8162_19961029,0.7094032748456969,random,baseline
TCGA_DU_8164_19970111,0.771829362942887,random,baseline
TCGA_DU_8165_19970205,0.6078555665713711,random,baseline
TCGA_DU_8167_19970402,0.9087369642566673,random,baseline
TCGA_DU_A5TR_19970726,0.7057870597463516,random,baseline
TCGA_DU_A5TS_19970726,0.8921521741177081,random,baseline
TCGA_DU_A5TU_19980312,0.7849865607966747,random,baseline
TCGA_EZ_7264_20010816,0.8842481231935704,random,baseline
TCGA_FG_5962_20000626,0.8633428567644845,random,baseline
TCGA_FG_5964_20010511,0.8346947749181134,random,baseline
TCGA_FG_6692_20020606,0.7527523718716248,random,baseline
TCGA_FG_7637_20000922,0.7564421322076758,random,baseline
TCGA_HT_7473_19970826,0.79181310864868,random,baseline
TCGA_HT_7686_19950629,0.9112362908710654,random,baseline
TCGA_HT_8105_19980826,0.7423955792110175,random,baseline
TCGA_HT_8114_19981030,0.9078558761256403,random,baseline
TCGA_DU_5849_19950405,0.8495291565382013,DU,loho
TCGA_DU_5851_19950428,0.819694072086484,DU,loho
TCGA_DU_5852_19950709,0.11083088989201557,DU,loho
TCGA_DU_5853_19950823,0.8262865549188324,DU,loho
TCGA_DU_5854_19951104,0.7903074068780049,DU,loho
TCGA_DU_5855_19951217,0.8059914596114431,DU,loho
TCGA_DU_5871_19941206,0.858122096705717,DU,loho
TCGA_DU_5872_19950223,0.92127632964794,DU,loho
TCGA_DU_5874_19950510,0.7534299851578465,DU,loho
TCGA_DU_6399_19830416,0.9424974820476621,DU,loho
TCGA_DU_6400_19830518,0.8702550092295163,DU,loho
TCGA_DU_6401_19831001,0.8203609977567643,DU,loho
TCGA_DU_6404_19850629,0.7772947766355377,DU,loho
TCGA_DU_6405_19851005,0.47804457572429054,DU,loho
TCGA_DU_6407_19860514,0.8506865292594945,DU,loho
TCGA_DU_6408_19860521,0.856919897142057,DU,loho
TCGA_DU_7008_19830723,0.8031940691064214,DU,loho
TCGA_DU_7010_19860307,0.6742366103997083,DU,loho
TCGA_DU_7013_19860523,1.1512569018273871e-10,DU,loho
TCGA_DU_7014_19860618,0.8204291674826936,DU,loho
TCGA_DU_7018_19911220,0.3299597318565854,DU,loho
TCGA_DU_7019_19940908,0.5472970203046441,DU,loho
TCGA_DU_7294_19890104,0.7624682062023267,DU,loho
TCGA_DU_7298_19910324,0.7981112095274686,DU,loho
TCGA_DU_7299_19910417,0.2010588678407628,DU,loho
TCGA_DU_7300_19910814,0.5476217757160814,DU,loho
TCGA_DU_7301_19911112,0.8134804834422674,DU,loho
TCGA_DU_7302_19911203,0.5800428693315199,DU,loho
TCGA_DU_7304_19930325,0.6868123312541311,DU,loho
TCGA_DU_7306_19930512,0.586718280762139,DU,loho
TCGA_DU_7309_19960831,0.7316974701536125,DU,loho
TCGA_DU_8162_19961029,0.5010449895946639,DU,loho
TCGA_DU_8163_19961119,0.6885891497739015,DU,loho
TCGA_DU_8164_19970111,0.4406600275233859,DU,loho
TCGA_DU_8165_19970205,0.12975871338122327,DU,loho
TCGA_DU_8166_19970322,0.6955231270384901,DU,loho
TCGA_DU_8167_19970402,0.8385845638547282,DU,loho
TCGA_DU_8168_19970503,0.7246677833526227,DU,loho
TCGA_DU_A5TP_19970614,0.6244817615354871,DU,loho
TCGA_DU_A5TR_19970726,0.6324181684239106,DU,loho
TCGA_DU_A5TS_19970726,0.8337152174036914,DU,loho
TCGA_DU_A5TT_19980318,0.6311684859696246,DU,loho
TCGA_DU_A5TU_19980312,0.7300546235911035,DU,loho
TCGA_DU_A5TW_19980228,0.8783328912054422,DU,loho
TCGA_DU_A5TY_19970709,0.45640324247155756,DU,loho
TCGA_HT_7473_19970826,0.7977265772710139,HT,loho
TCGA_HT_7475_19970918,0.8310763230840966,HT,loho
TCGA_HT_7602_19951103,0.8330100359256072,HT,loho
TCGA_HT_7605_19950916,0.7953600145616314,HT,loho
TCGA_HT_7608_19940304,0.6440313134989724,HT,loho
TCGA_HT_7616_19940813,0.7517312441459311,HT,loho
TCGA_HT_7680_19970202,0.7090945558541687,HT,loho
TCGA_HT_7684_19950816,0.9207768530804037,HT,loho
TCGA_HT_7686_19950629,0.9155348251905583,HT,loho
TCGA_HT_7690_19960312,0.9082847977046838,HT,loho
TCGA_HT_7692_19960724,0.7316238076588818,HT,loho
TCGA_HT_7693_19950520,0.848626813392648,HT,loho
TCGA_HT_7694_19950404,0.8796054665897126,HT,loho
TCGA_HT_7855_19951020,0.878613600848087,HT,loho
TCGA_HT_7856_19950831,0.8966248900064999,HT,loho
TCGA_HT_7860_19960513,0.6145454763889441,HT,loho
TCGA_HT_7874_19950902,0.6599755828537517,HT,loho
TCGA_HT_7877_19980917,0.5193232846248541,HT,loho
TCGA_HT_7879_19981009,0.8615288963530209,HT,loho
TCGA_HT_7881_19981015,0.4975561071801016,HT,loho
TCGA_HT_7882_19970125,0.8353146411121792,HT,loho
TCGA_HT_7884_19980913,0.909670464675797,HT,loho
TCGA_HT_8018_19970411,0.732075587072417,HT,loho
TCGA_HT_8105_19980826,0.4641070345420349,HT,loho
TCGA_HT_8106_19970727,0.769690912909527,HT,loho
TCGA_HT_8107_19980708,0.8467951810742812,HT,loho
TCGA_HT_8111_19980330,0.9104462914224055,HT,loho
TCGA_HT_8113_19930809,0.78721876972275,HT,loho
TCGA_HT_8114_19981030,0.905573122670281,HT,loho
TCGA_HT_8563_19981209,0.8158659701954443,HT,loho
TCGA_HT_A5RC_19990831,0.25427917248939397,HT,loho
TCGA_HT_A616_19991226,0.5647846366540723,HT,loho
TCGA_HT_A61A_20000127,0.6804735677352239,HT,loho
TCGA_HT_A61B_19991127,0.7747769225098011,HT,loho
TCGA_CS_4941_19960909,0.7389513271645743,CS,loho
TCGA_CS_4942_19970222,0.9376017581504631,CS,loho
TCGA_CS_4943_20000902,0.8893049779059731,CS,loho
TCGA_CS_4944_20010208,0.8191496388800298,CS,loho
TCGA_CS_5393_19990606,0.8057514358332917,CS,loho
TCGA_CS_5395_19981004,0.8862722308508401,CS,loho
TCGA_CS_5396_20010302,0.48834041875301915,CS,loho
TCGA_CS_5397_20010315,0.10052493451746365,CS,loho
TCGA_CS_6186_20000601,0.7535599121518205,CS,loho
TCGA_CS_6188_20010812,0.34446343057834966,CS,loho
TCGA_CS_6290_20000917,0.735286731558405,CS,loho
TCGA_CS_6665_20010817,0.5128097134827438,CS,loho
TCGA_CS_6666_20011109,0.832867325941412,CS,loho
TCGA_CS_6667_20011105,0.8147120762814704,CS,loho
TCGA_CS_6668_20011025,0.8637236158266413,CS,loho
TCGA_CS_6669_20020102,0.8749063070877228,CS,loho
TCGA_FG_5962_20000626,0.8825663091442479,FG,loho
TCGA_FG_5964_20010511,0.7397659267556921,FG,loho
TCGA_FG_6688_20020215,0.8267166145178158,FG,loho
TCGA_FG_6689_20020326,0.8902045129709876,FG,loho
TCGA_FG_6690_20020226,0.8996955119188131,FG,loho
TCGA_FG_6691_20020405,0.8891086245348855,FG,loho
TCGA_FG_6692_20020606,0.7284369693338041,FG,loho
TCGA_FG_7634_20000128,0.9240816800437351,FG,loho
TCGA_FG_7637_20000922,0.7454843180116764,FG,loho
TCGA_FG_7643_20021104,0.7271087431250842,FG,loho
TCGA_FG_8189_20030516,0.775451005018592,FG,loho
TCGA_FG_A4MT_20020212,0.8454158923208843,FG,loho
TCGA_FG_A4MU_20030903,0.8556461575512242,FG,loho
TCGA_FG_A60K_20040224,0.4900990962648979,FG,loho
TCGA_CS_5396_20010302,0.32810142542334675,ctrlDU,control
TCGA_CS_5397_20010315,0.2245942122411473,ctrlDU,control
TCGA_CS_6667_20011105,0.8042706576465639,ctrlDU,control
TCGA_CS_6669_20020102,0.8264352709927969,ctrlDU,control
TCGA_DU_5849_19950405,0.7577672535438946,ctrlDU,control
TCGA_DU_5851_19950428,0.7690801069007269,ctrlDU,control
TCGA_DU_5852_19950709,0.04956140368943887,ctrlDU,control
TCGA_DU_5854_19951104,0.74542020487076,ctrlDU,control
TCGA_DU_5871_19941206,0.8590289647352879,ctrlDU,control
TCGA_DU_6400_19830518,0.8698113354610401,ctrlDU,control
TCGA_DU_6401_19831001,0.8287530069530089,ctrlDU,control
TCGA_DU_6404_19850629,0.8192500529989102,ctrlDU,control
TCGA_DU_6405_19851005,0.35644403814279746,ctrlDU,control
TCGA_DU_7014_19860618,0.7954612308528347,ctrlDU,control
TCGA_DU_7018_19911220,0.20941755888304117,ctrlDU,control
TCGA_DU_7298_19910324,0.8455843749352585,ctrlDU,control
TCGA_DU_7299_19910417,0.574550987845843,ctrlDU,control
TCGA_DU_7300_19910814,0.5142924012657111,ctrlDU,control
TCGA_DU_7302_19911203,0.6062924660550826,ctrlDU,control
TCGA_DU_7309_19960831,0.5430177170701581,ctrlDU,control
TCGA_DU_8162_19961029,0.603366349495386,ctrlDU,control
TCGA_DU_8163_19961119,0.8596354774870365,ctrlDU,control
TCGA_DU_8164_19970111,0.680773713209512,ctrlDU,control
TCGA_DU_8165_19970205,0.5392445537298938,ctrlDU,control
TCGA_DU_8166_19970322,0.6443988035896755,ctrlDU,control
TCGA_DU_8167_19970402,0.7514422612214362,ctrlDU,control
TCGA_DU_8168_19970503,0.7234311096318301,ctrlDU,control
TCGA_DU_A5TP_19970614,0.684172225025618,ctrlDU,control
TCGA_DU_A5TR_19970726,0.6172677641040945,ctrlDU,control
TCGA_FG_5964_20010511,0.7598972983834197,ctrlDU,control
TCGA_FG_6690_20020226,0.8349194486228383,ctrlDU,control
TCGA_FG_6692_20020606,0.7354936799171784,ctrlDU,control
TCGA_FG_7637_20000922,0.6188598482102579,ctrlDU,control
TCGA_FG_8189_20030516,0.7274217963280143,ctrlDU,control
TCGA_HT_7473_19970826,0.7460406244625897,ctrlDU,control
TCGA_HT_7475_19970918,0.8198493939025903,ctrlDU,control
TCGA_HT_7608_19940304,0.6306491554659246,ctrlDU,control
TCGA_HT_7616_19940813,0.6498252353219545,ctrlDU,control
TCGA_HT_7684_19950816,0.9291395485957381,ctrlDU,control
TCGA_HT_7686_19950629,0.8485887312877398,ctrlDU,control
TCGA_HT_7692_19960724,0.6082566485152899,ctrlDU,control
TCGA_HT_7874_19950902,0.6621220971279881,ctrlDU,control
TCGA_HT_7877_19980917,0.662653364701905,ctrlDU,control
TCGA_HT_8018_19970411,0.8100559326589121,ctrlDU,control
TCGA_HT_8114_19981030,0.9058043685196012,ctrlDU,control
TCGA_CS_4941_19960909,0.7324571456218956,ctrlHT,control
TCGA_CS_5396_20010302,0.20609420841862847,ctrlHT,control
TCGA_CS_5397_20010315,0.634576806311118,ctrlHT,control
TCGA_CS_6290_20000917,0.7083145111277982,ctrlHT,control
TCGA_CS_6665_20010817,0.41535218341893193,ctrlHT,control
TCGA_CS_6668_20011025,0.7709717591572228,ctrlHT,control
TCGA_CS_6669_20020102,0.8781630805482695,ctrlHT,control
TCGA_DU_5849_19950405,0.8980598551536111,ctrlHT,control
TCGA_DU_5851_19950428,0.8073228652667581,ctrlHT,control
TCGA_DU_5852_19950709,0.48121964995959216,ctrlHT,control
TCGA_DU_5855_19951217,0.7562947076956282,ctrlHT,control
TCGA_DU_6408_19860521,0.8221403893132392,ctrlHT,control
TCGA_DU_7013_19860523,0.3939568397839381,ctrlHT,control
TCGA_DU_7014_19860618,0.8398421771463896,ctrlHT,control
TCGA_DU_7018_19911220,0.6810066272958397,ctrlHT,control
TCGA_DU_7298_19910324,0.7922719465502184,ctrlHT,control
TCGA_DU_7299_19910417,0.6842024614173554,ctrlHT,control
TCGA_DU_7302_19911203,0.64712059153863,ctrlHT,control
TCGA_DU_7306_19930512,0.45735333893643965,ctrlHT,control
TCGA_EZ_7264_20010816,0.8990572480356106,ctrlHT,control
TCGA_FG_6688_20020215,0.7951130216712771,ctrlHT,control
TCGA_FG_A4MU_20030903,0.8848500912716958,ctrlHT,control
TCGA_HT_7608_19940304,0.6459553887980485,ctrlHT,control
TCGA_HT_7690_19960312,0.89852340643478,ctrlHT,control
TCGA_HT_7692_19960724,0.7043982342338305,ctrlHT,control
TCGA_HT_7693_19950520,0.7679904048657973,ctrlHT,control
TCGA_HT_7855_19951020,0.8845067156873544,ctrlHT,control
TCGA_HT_7860_19960513,0.14402611440003277,ctrlHT,control
TCGA_HT_7879_19981009,0.8675057019478438,ctrlHT,control
TCGA_HT_7882_19970125,0.7975528976472499,ctrlHT,control
TCGA_HT_7884_19980913,0.9016981437051721,ctrlHT,control
TCGA_HT_8018_19970411,0.7707393923982491,ctrlHT,control
TCGA_HT_8106_19970727,0.7558597136682786,ctrlHT,control
TCGA_HT_A61A_20000127,0.7461205257057467,ctrlHT,control
TCGA_DU_5849_19950405,0.8819941287198763,ctrlCS,control
TCGA_DU_6408_19860521,0.8655142206009451,ctrlCS,control
TCGA_DU_7014_19860618,0.8211881872694337,ctrlCS,control
TCGA_DU_8164_19970111,0.7774828753451827,ctrlCS,control
TCGA_DU_8167_19970402,0.9117681546631811,ctrlCS,control
TCGA_DU_A5TT_19980318,0.7979115984821555,ctrlCS,control
TCGA_DU_A5TY_19970709,0.5722560620131468,ctrlCS,control
TCGA_FG_5962_20000626,0.8744948862022913,ctrlCS,control
TCGA_FG_5964_20010511,0.7461036945420645,ctrlCS,control
TCGA_FG_6689_20020326,0.8157730465432463,ctrlCS,control
TCGA_FG_8189_20030516,0.7610291704268094,ctrlCS,control
TCGA_HT_7608_19940304,0.6774302535652419,ctrlCS,control
TCGA_HT_7684_19950816,0.9335881577847276,ctrlCS,control
TCGA_HT_7882_19970125,0.8490041830899859,ctrlCS,control
TCGA_HT_8114_19981030,0.9121028828528345,ctrlCS,control
TCGA_HT_8563_19981209,0.7940187029772605,ctrlCS,control
TCGA_CS_4942_19970222,0.9314845306609637,ctrlFG,control
TCGA_CS_4944_20010208,0.8589080505722575,ctrlFG,control
TCGA_CS_6667_20011105,0.7951135499977219,ctrlFG,control
TCGA_DU_5874_19950510,0.7680802430473326,ctrlFG,control
TCGA_DU_7008_19830723,0.7868515374025165,ctrlFG,control
TCGA_DU_7010_19860307,0.6362188534408177,ctrlFG,control
TCGA_DU_7302_19911203,0.6551817242364157,ctrlFG,control
TCGA_DU_A5TR_19970726,0.7481139664496952,ctrlFG,control
TCGA_DU_A5TU_19980312,0.7778011022229411,ctrlFG,control
TCGA_DU_A5TY_19970709,0.49013609612224995,ctrlFG,control
TCGA_FG_7637_20000922,0.6545980290915717,ctrlFG,control
TCGA_HT_7616_19940813,0.6635470145323032,ctrlFG,control
TCGA_HT_7693_19950520,0.8985559228753723,ctrlFG,control
TCGA_HT_8107_19980708,0.7699450190155065,ctrlFG,control
