experiment,kind,description,n_patients,n_slices,n_tumour_slices,dice_all,dice_tumour,dice_tumour_patient_mean,dice_tumour_patient_std,gap_vs_baseline
random,baseline,Mixed hospitals (conventional split),22,760,279,0.9277917182072832,0.8176405226706843,0.7998143974413359,0.12572416481406,0.0
DU,loho,Unseen hospital: DU,45,1878,624,0.8924573729426066,0.705184208925366,0.6671124012854918,0.22523147248370085,-0.11245631374531828
HT,loho,Unseen hospital: HT,34,1029,404,0.8948113537101676,0.7419823835794951,0.7572271394411522,0.15541058567395255,-0.07565813909118924
CS,loho,Unseen hospital: CS,16,358,121,0.8737280709889659,0.7173111521536514,0.7123891146852637,0.232288658219981,-0.10032937051703295
FG,loho,Unseen hospital: FG,14,640,218,0.8733465543157118,0.7978981409638656,0.8014129543937385,0.1135952699267593,-0.019742381706818746
ctrlDU,control,Matched control for DU (mixed test),45,1605,545,0.8858945831690819,0.6914877172597284,0.675120980000535,0.19206174958683203,-0.12615280541095597
ctrlHT,control,Matched control for HT (mixed test),34,1092,423,0.8804331787781978,0.7267920359296909,0.7079593572097784,0.19284016894513964,-0.09084848674099344
ctrlCS,control,Matched control for CS (mixed test),16,635,255,0.9225491826398294,0.8228185528214862,0.8119787628173989,0.0938560019832372,0.005178030150801871
ctrlFG,control,Matched control for FG (mixed test),14,463,181,0.868191807752344,0.7291315301845068,0.7453239742619762,0.1168484656879752,-0.0885089924861775
