n_train_patients,n_val_patients,n_train_slices,seed,fraction,best_val_dice,test_dice_all,test_dice_tumour,test_slices,test_tumour_slices
15,3,546,0,0.2,0.9093532807686749,0.8633850474610183,0.6672854338841923,760,279
15,3,553,1,0.2,0.9130844048091343,0.847737503459589,0.6210770694070883,760,279
15,3,519,2,0.2,0.9051215930988914,0.8707286915181182,0.7159634606108131,760,279
30,5,1139,0,0.4,0.8969936336789812,0.8717211629818061,0.7150827374492106,760,279
30,5,1107,1,0.4,0.9173211600722336,0.8736710075745097,0.716809912452788,760,279
30,5,1096,2,0.4,0.920853944711907,0.8991563127547968,0.7468057264896745,760,279
45,8,1735,0,0.6,0.9218132945529202,0.872986643080495,0.7185299231907342,760,279
45,8,1523,1,0.6,0.8495956464455678,0.904361827547944,0.7609856234041148,760,279
45,8,1672,2,0.6,0.9003170755776492,0.912717157651715,0.7694087448518268,760,279
60,10,2087,0,0.8,0.8718698614775532,0.9046719477858358,0.7869200007364167,760,279
60,10,2258,1,0.8,0.8953935905144765,0.9140514752292207,0.7658749862874827,760,279
60,10,2336,2,0.8,0.8833909607850589,0.8984476154664603,0.8058071239453649,760,279
75,13,2702,0,1.0,0.900585157239539,0.926165059405005,0.8311306276300133,760,279
75,13,2714,1,1.0,0.930803713307046,0.9175765125954248,0.7790614679985858,760,279
75,13,2662,2,1.0,0.9215133814361152,0.8965477740187895,0.7827107821557412,760,279
